,CRIM,ZN,INDUS,CHAS,NOX,RM,AGE,DIS,RAD,TAX,PTRATIO,B,LSTAT,MEDV,RM+DIS,aha
0,0.00632,18.0,2.31,0.0,0a.5b3 8c,6.575,65.2,4.09,...a1_.//b,296,15.3,396.9,4.98,24.0,6.575 4.09,aha
1,0.02731,0.0,7.07,0.0,0a.4b6 9c,6.421,78.9,4.9671,...a2_.//b,242,17.8,396.9,9.14,21.6,6.421 4.9671,aha
2,0.02729,0.0,7.07,0.0,0a.4b6 9c,7.185,61.1,4.9671,...a2_.//b,242,17.8,392.83,4.03,34.7,7.185 4.9671,aha
3,0.03237,0.0,2.18,0.0,0a.4b5 8c,6.998,45.8,6.0622,...a3_.//b,222,18.7,394.63,2.94,33.4,6.998 6.0622,aha
4,0.06905,0.0,2.18,0.0,0a.4b5 8c,7.147,54.2,6.0622,...a3_.//b,222,18.7,396.9,,36.2,7.147 6.0622,aha
5,0.02985,0.0,2.18,0.0,0a.4b5 8c,6.43,58.7,6.0622,...a3_.//b,222,18.7,394.12,5.21,28.7,6.43 6.0622,aha
6,0.08829,12.5,7.87,,0a.5b2 4c,6.012,66.6,5.5605,...a5_.//b,311,15.2,395.6,12.43,22.9,6.012 5.5605,aha
7,0.14455,12.5,7.87,0.0,0a.5b2 4c,6.172,96.1,5.9505,...a5_.//b,311,15.2,396.9,19.15,27.1,6.172 5.9505,aha
8,0.21124,12.5,7.87,0.0,0a.5b2 4c,5.631,100.0,6.0821,...a5_.//b,311,15.2,386.63,29.93,16.5,5.631 6.0821,aha
9,0.17004,12.5,7.87,,0a.5b2 4c,6.004,85.9,6.5921,...a5_.//b,311,15.2,386.71,17.1,18.9,6.004 6.5921,aha
10,0.22489,12.5,7.87,0.0,0a.5b2 4c,6.377,94.3,6.3467,...a5_.//b,311,15.2,392.52,20.45,15.0,6.377 6.3467,aha
11,0.11747,12.5,7.87,0.0,0a.5b2 4c,6.009,82.9,6.2267,...a5_.//b,311,15.2,396.9,13.27,18.9,6.009 6.2267,aha
12,0.09378,12.5,7.87,0.0,0a.5b2 4c,5.889,39.0,5.4509,...a5_.//b,311,15.2,390.5,15.71,21.7,5.889 5.4509,aha
13,0.62976,0.0,8.14,0.0,0a.5b3 8c,5.949,61.8,4.7075,...a4_.//b,307,21.0,396.9,8.26,20.4,5.949 4.7075,aha
14,0.63796,0.0,8.14,,0a.5b3 8c,6.096,84.5,4.4619,...a4_.//b,307,21.0,380.02,10.26,18.2,6.096 4.4619,aha
15,0.62739,0.0,8.14,0.0,0a.5b3 8c,5.834,56.5,4.4986,...a4_.//b,307,21.0,395.62,8.47,19.9,5.834 4.4986,aha
16,1.05393,0.0,8.14,0.0,0a.5b3 8c,5.935,29.3,4.4986,...a4_.//b,307,21.0,386.85,6.58,23.1,5.935 4.4986,aha
17,0.7842,0.0,8.14,0.0,0a.5b3 8c,5.99,81.7,4.2579,...a4_.//b,307,21.0,386.75,14.67,17.5,5.99 4.2579,aha
18,0.80271,0.0,8.14,0.0,0a.5b3 8c,5.456,36.6,3.7965,...a4_.//b,307,21.0,288.99,11.69,20.2,5.456 3.7965,aha
19,0.7258,0.0,8.14,0.0,0a.5b3 8c,5.727,69.5,3.7965,...a4_.//b,307,21.0,390.95,11.28,18.2,5.727 3.7965,aha
20,1.25179,0.0,8.14,0.0,0a.5b3 8c,5.57,98.1,3.7979,...a4_.//b,307,21.0,376.57,21.02,13.6,5.57 3.7979,aha
21,0.85204,0.0,8.14,0.0,0a.5b3 8c,5.965,89.2,4.0123,...a4_.//b,307,21.0,392.53,13.83,19.6,5.965 4.0123,aha
22,1.23247,0.0,8.14,0.0,0a.5b3 8c,6.142,91.7,3.9769,...a4_.//b,307,21.0,396.9,18.72,15.2,6.142 3.9769,aha
23,0.98843,0.0,8.14,0.0,0a.5b3 8c,5.813,100.0,4.0952,...a4_.//b,307,21.0,394.54,19.88,14.5,5.813 4.0952,aha
24,0.75026,0.0,8.14,0.0,0a.5b3 8c,5.924,94.1,4.3996,...a4_.//b,307,21.0,394.33,16.3,15.6,5.924 4.3996,aha
25,0.84054,0.0,8.14,0.0,0a.5b3 8c,5.599,85.7,4.4546,...a4_.//b,307,21.0,303.42,16.51,13.9,5.599 4.4546,aha
26,0.67191,0.0,8.14,0.0,0a.5b3 8c,5.813,90.3,4.682,...a4_.//b,307,21.0,376.88,14.81,16.6,5.813 4.682,aha
27,0.95577,0.0,8.14,0.0,0a.5b3 8c,6.047,88.8,4.4534,...a4_.//b,307,21.0,306.38,17.28,14.8,6.047 4.4534,aha
28,0.77299,0.0,8.14,0.0,0a.5b3 8c,6.495,94.4,4.4547,...a4_.//b,307,21.0,387.94,12.8,18.4,6.495 4.4547,aha
29,1.00245,0.0,8.14,0.0,0a.5b3 8c,6.674,87.3,4.239,...a4_.//b,307,21.0,380.23,11.98,21.0,6.674 4.239,aha
30,1.13081,0.0,8.14,0.0,0a.5b3 8c,5.713,94.1,4.233,...a4_.//b,307,21.0,360.17,22.6,12.7,5.713 4.233,aha
31,1.35472,0.0,8.14,0.0,0a.5b3 8c,6.072,100.0,4.175,...a4_.//b,307,21.0,376.73,13.04,14.5,6.072 4.175,aha
32,1.38799,0.0,8.14,0.0,0a.5b3 8c,5.95,82.0,3.99,...a4_.//b,307,21.0,232.6,27.71,13.2,5.95 3.99,aha
33,1.15172,0.0,8.14,0.0,0a.5b3 8c,5.701,95.0,3.7872,...a4_.//b,307,21.0,358.77,18.35,13.1,5.701 3.7872,aha
34,1.61282,0.0,8.14,0.0,0a.5b3 8c,6.096,96.9,3.7598,...a4_.//b,307,21.0,248.31,20.34,13.5,6.096 3.7598,aha
35,0.06417,0.0,5.96,0.0,0a.4b9 9c,5.933,68.2,3.3603,...a5_.//b,279,19.2,396.9,,18.9,5.933 3.3603,aha
36,0.09744,0.0,,0.0,0a.4b9 9c,5.841,61.4,3.3779,...a5_.//b,279,19.2,377.56,11.41,20.0,5.841 3.3779,aha
37,0.08014,0.0,5.96,0.0,0a.4b9 9c,5.85,41.5,3.9342,...a5_.//b,279,19.2,396.9,8.77,21.0,5.85 3.9342,aha
38,0.17505,0.0,5.96,0.0,0a.4b9 9c,5.966,30.2,3.8473,...a5_.//b,279,19.2,393.43,10.13,24.7,5.966 3.8473,aha
39,0.02763,75.0,2.95,0.0,0a.4b2 8c,6.595,21.8,5.4011,...a3_.//b,252,18.3,395.63,4.32,30.8,6.595 5.4011,aha
40,0.03359,75.0,2.95,0.0,0a.4b2 8c,7.024,15.8,5.4011,...a3_.//b,252,18.3,395.62,1.98,34.9,7.024 5.4011,aha
41,0.12744,0.0,6.91,0.0,0a.4b4 8c,6.77,2.9,5.7209,...a3_.//b,233,17.9,385.41,4.84,26.6,6.77 5.7209,aha
42,0.1415,0.0,6.91,0.0,0a.4b4 8c,6.169,6.6,5.7209,...a3_.//b,233,17.9,383.37,5.81,25.3,6.169 5.7209,aha
43,0.15936,0.0,6.91,,0a.4b4 8c,6.211,6.5,5.7209,...a3_.//b,233,17.9,394.46,7.44,24.7,6.211 5.7209,aha
44,0.12269,0.0,6.91,0.0,0a.4b4 8c,6.069,40.0,5.7209,...a3_.//b,233,17.9,389.39,9.55,21.2,6.069 5.7209,aha
45,0.17142,0.0,6.91,0.0,0a.4b4 8c,5.682,33.8,5.1004,...a3_.//b,233,17.9,396.9,10.21,19.3,5.682 5.1004,aha
46,0.18836,0.0,6.91,0.0,0a.4b4 8c,5.786,33.3,5.1004,...a3_.//b,233,17.9,396.9,14.15,20.0,5.786 5.1004,aha
47,0.22927,0.0,,0.0,0a.4b4 8c,6.03,85.5,5.6894,...a3_.//b,233,17.9,392.74,18.8,16.6,6.03 5.6894,aha
48,0.25387,0.0,6.91,0.0,0a.4b4 8c,5.399,95.3,5.87,...a3_.//b,233,17.9,396.9,30.81,14.4,5.399 5.87,aha
49,0.21977,0.0,6.91,0.0,0a.4b4 8c,5.602,62.0,6.0877,...a3_.//b,233,17.9,396.9,16.2,19.4,5.602 6.0877,aha
50,0.08873,21.0,5.64,0.0,0a.4b3 9c,5.963,45.7,6.8147,...a4_.//b,243,16.8,395.56,13.45,19.7,5.963 6.8147,aha
51,0.04337,21.0,,0.0,0a.4b3 9c,6.115,63.0,6.8147,...a4_.//b,243,16.8,393.97,9.43,20.5,6.115 6.8147,aha
52,0.0536,21.0,5.64,0.0,0a.4b3 9c,6.511,21.1,6.8147,...a4_.//b,243,16.8,396.9,5.28,25.0,6.511 6.8147,aha
53,,21.0,5.64,0.0,0a.4b3 9c,5.998,21.4,6.8147,...a4_.//b,243,16.8,396.9,8.43,23.4,5.998 6.8147,aha
54,0.0136,75.0,4.0,0.0,0a.4b1 c,5.888,47.6,7.3197,...a3_.//b,469,21.1,396.9,14.8,18.9,5.888 7.3197,aha
55,0.01311,90.0,1.22,0.0,0a.4b0 3c,7.249,21.9,8.6966,...a5_.//b,226,17.9,395.93,4.81,35.4,7.249 8.6966,aha
56,0.02055,85.0,0.74,0.0,0a.4b1 c,6.383,35.7,9.1876,...a2_.//b,313,17.3,396.9,5.77,24.7,6.383 9.1876,aha
57,0.01432,100.0,1.32,0.0,0a.4b1 1c,6.816,40.5,8.3248,...a5_.//b,256,15.1,392.9,3.95,31.6,6.816 8.3248,aha
58,0.15445,25.0,5.13,0.0,0a.4b5 3c,6.145,29.2,7.8148,...a8_.//b,284,19.7,390.68,6.86,23.3,6.145 7.8148,aha
59,0.10328,25.0,5.13,0.0,0a.4b5 3c,5.927,47.2,6.932,...a8_.//b,284,19.7,396.9,9.22,19.6,5.927 6.932,aha
60,0.14932,25.0,5.13,0.0,0a.4b5 3c,5.741,66.2,7.2254,...a8_.//b,284,19.7,395.11,13.15,18.7,5.741 7.2254,aha
61,0.17171,25.0,5.13,0.0,0a.4b5 3c,5.966,93.4,6.8185,...a8_.//b,284,19.7,378.08,14.44,16.0,5.966 6.8185,aha
62,0.11027,25.0,5.13,0.0,0a.4b5 3c,6.456,67.8,7.2255,...a8_.//b,284,19.7,396.9,6.73,22.2,6.456 7.2255,aha
63,0.1265,25.0,5.13,0.0,0a.4b5 3c,6.762,43.4,7.9809,...a8_.//b,284,19.7,395.58,9.5,25.0,6.762 7.9809,aha
64,0.01951,17.5,1.38,0.0,0a.4b1 61c,7.104,59.5,9.2229,...a3_.//b,216,18.6,393.24,8.05,33.0,7.104 9.2229,aha
65,0.03584,80.0,3.37,0.0,0a.3b9 8c,6.29,17.8,6.6115,...a4_.//b,337,16.1,396.9,4.67,23.5,6.29 6.6115,aha
66,0.04379,80.0,3.37,0.0,0a.3b9 8c,5.787,31.1,6.6115,...a4_.//b,337,16.1,396.9,10.24,19.4,5.787 6.6115,aha
67,0.05789,12.5,6.07,0.0,0a.4b0 9c,5.878,21.4,6.498,...a4_.//b,345,18.9,396.21,8.1,22.0,5.878 6.498,aha
68,0.13554,12.5,6.07,0.0,0a.4b0 9c,5.594,36.8,6.498,...a4_.//b,345,18.9,396.9,13.09,17.4,5.594 6.498,aha
69,0.12816,12.5,6.07,0.0,0a.4b0 9c,5.885,33.0,6.498,...a4_.//b,345,18.9,396.9,8.79,20.9,5.885 6.498,aha
70,0.08826,0.0,10.81,0.0,0a.4b1 3c,6.417,6.6,5.2873,...a4_.//b,305,19.2,383.73,6.72,24.2,6.417 5.2873,aha
71,0.15876,0.0,10.81,0.0,0a.4b1 3c,5.961,17.5,5.2873,...a4_.//b,305,19.2,376.94,9.88,21.7,5.961 5.2873,aha
72,0.09164,0.0,10.81,0.0,0a.4b1 3c,6.065,7.8,5.2873,...a4_.//b,305,19.2,390.91,5.52,22.8,6.065 5.2873,aha
73,0.19539,0.0,10.81,0.0,0a.4b1 3c,6.245,6.2,5.2873,...a4_.//b,305,19.2,377.17,,23.4,6.245 5.2873,aha
74,0.07896,0.0,12.83,0.0,0a.4b3 7c,6.273,,4.2515,...a5_.//b,398,18.7,394.92,6.78,24.1,6.273 4.2515,aha
75,0.09512,0.0,12.83,0.0,0a.4b3 7c,6.286,45.0,4.5026,...a5_.//b,398,18.7,383.23,8.94,21.4,6.286 4.5026,aha
76,0.10153,0.0,12.83,0.0,0a.4b3 7c,6.279,74.5,4.0522,...a5_.//b,398,18.7,373.66,11.97,20.0,6.279 4.0522,aha
77,0.08707,0.0,12.83,0.0,0a.4b3 7c,6.14,45.8,4.0905,...a5_.//b,398,18.7,386.96,10.27,20.8,6.14 4.0905,aha
78,0.05646,0.0,12.83,0.0,0a.4b3 7c,6.232,53.7,5.0141,...a5_.//b,398,18.7,386.4,12.34,21.2,6.232 5.0141,aha
79,0.08387,0.0,12.83,0.0,0a.4b3 7c,5.874,36.6,4.5026,...a5_.//b,398,18.7,396.06,,20.3,5.874 4.5026,aha
80,0.04113,25.0,4.86,0.0,0a.4b2 6c,6.727,33.5,5.4007,...a4_.//b,281,19.0,396.9,5.29,28.0,6.727 5.4007,aha
81,0.04462,25.0,4.86,0.0,0a.4b2 6c,6.619,70.4,5.4007,...a4_.//b,281,19.0,395.63,7.22,23.9,6.619 5.4007,aha
82,0.03659,25.0,4.86,0.0,0a.4b2 6c,6.302,32.2,5.4007,...a4_.//b,281,19.0,396.9,6.72,24.8,6.302 5.4007,aha
83,0.03551,25.0,4.86,0.0,0a.4b2 6c,6.167,46.7,5.4007,...a4_.//b,281,19.0,390.64,7.51,22.9,6.167 5.4007,aha
84,0.05059,0.0,4.49,0.0,0a.4b4 9c,6.389,48.0,4.7794,...a3_.//b,247,18.5,396.9,9.62,23.9,6.389 4.7794,aha
85,0.05735,0.0,4.49,0.0,0a.4b4 9c,6.63,56.1,4.4377,...a3_.//b,247,18.5,392.3,6.53,26.6,6.63 4.4377,aha
86,0.05188,0.0,4.49,0.0,0a.4b4 9c,6.015,45.1,4.4272,...a3_.//b,247,18.5,395.99,12.86,22.5,6.015 4.4272,aha
87,0.07151,0.0,4.49,0.0,0a.4b4 9c,6.121,56.8,3.7476,...a3_.//b,247,18.5,395.15,,22.2,6.121 3.7476,aha
88,0.0566,0.0,3.41,0.0,0a.4b8 9c,7.007,86.3,3.4217,...a2_.//b,270,17.8,396.9,5.5,23.6,7.007 3.4217,aha
89,0.05302,0.0,3.41,0.0,0a.4b8 9c,7.079,63.1,3.4145,...a2_.//b,270,17.8,396.06,5.7,28.7,7.079 3.4145,aha
90,0.04684,0.0,3.41,0.0,0a.4b8 9c,6.417,66.1,3.0923,...a2_.//b,270,17.8,392.18,8.81,22.6,6.417 3.0923,aha
91,0.03932,0.0,3.41,0.0,0a.4b8 9c,6.405,73.9,3.0921,...a2_.//b,270,17.8,393.55,8.2,22.0,6.405 3.0921,aha
92,0.04203,,15.04,0.0,0a.4b6 4c,6.442,53.6,3.6659,...a4_.//b,270,18.2,395.01,8.16,22.9,6.442 3.6659,aha
93,0.02875,28.0,15.04,0.0,0a.4b6 4c,6.211,28.9,3.6659,...a4_.//b,270,18.2,396.33,6.21,25.0,6.211 3.6659,aha
94,0.04294,28.0,15.04,0.0,0a.4b6 4c,6.249,77.3,3.615,...a4_.//b,270,18.2,396.9,10.59,20.6,6.249 3.615,aha
95,0.12204,0.0,2.89,0.0,0a.4b4 5c,6.625,57.8,3.4952,...a2_.//b,276,18.0,357.98,6.65,28.4,6.625 3.4952,aha
96,0.11504,0.0,2.89,0.0,0a.4b4 5c,6.163,69.6,3.4952,...a2_.//b,276,18.0,391.83,11.34,21.4,6.163 3.4952,aha
97,0.12083,0.0,2.89,0.0,0a.4b4 5c,8.069,76.0,3.4952,...a2_.//b,276,18.0,396.9,4.21,38.7,8.069 3.4952,aha
98,0.08187,0.0,2.89,0.0,0a.4b4 5c,7.82,36.9,3.4952,...a2_.//b,276,18.0,393.53,3.57,43.8,7.82 3.4952,aha
99,0.0686,0.0,2.89,0.0,0a.4b4 5c,7.416,62.5,3.4952,...a2_.//b,276,18.0,396.9,6.19,33.2,7.416 3.4952,aha
100,0.14866,0.0,8.56,0.0,0a.5b2 c,6.727,79.9,2.7778,...a5_.//b,384,20.9,394.76,9.42,27.5,6.727 2.7778,aha
101,0.11432,0.0,8.56,0.0,0a.5b2 c,6.781,71.3,2.8561,...a5_.//b,384,20.9,395.58,7.67,26.5,6.781 2.8561,aha
102,0.22876,0.0,8.56,0.0,0a.5b2 c,6.405,85.4,2.7147,...a5_.//b,384,20.9,70.8,10.63,18.6,6.405 2.7147,aha
103,0.21161,0.0,8.56,0.0,0a.5b2 c,6.137,,2.7147,...a5_.//b,384,20.9,394.47,13.44,19.3,6.137 2.7147,aha
104,0.1396,0.0,8.56,0.0,0a.5b2 c,6.167,90.0,2.421,...a5_.//b,384,20.9,392.69,12.33,20.1,6.167 2.421,aha
105,0.13262,0.0,8.56,0.0,0a.5b2 c,5.851,96.7,2.1069,...a5_.//b,384,20.9,394.05,16.47,19.5,5.851 2.1069,aha
106,0.1712,0.0,8.56,0.0,0a.5b2 c,5.836,91.9,2.211,...a5_.//b,384,20.9,395.67,18.66,19.5,5.836 2.211,aha
107,0.13117,0.0,8.56,0.0,0a.5b2 c,6.127,85.2,2.1224,...a5_.//b,384,20.9,387.69,14.09,20.4,6.127 2.1224,aha
108,0.12802,0.0,8.56,0.0,0a.5b2 c,6.474,97.1,2.4329,...a5_.//b,384,20.9,395.24,12.27,19.8,6.474 2.4329,aha
109,0.26363,0.0,8.56,0.0,0a.5b2 c,6.229,91.2,2.5451,...a5_.//b,384,20.9,391.23,15.55,19.4,6.229 2.5451,aha
110,0.10793,0.0,8.56,0.0,0a.5b2 c,6.195,54.4,2.7778,...a5_.//b,384,20.9,393.49,13.0,21.7,6.195 2.7778,aha
111,0.10084,0.0,10.01,0.0,0a.5b4 7c,6.715,81.6,2.6775,...a6_.//b,432,17.8,395.59,10.16,22.8,6.715 2.6775,aha
112,0.12329,0.0,10.01,0.0,0a.5b4 7c,5.913,92.9,2.3534,...a6_.//b,432,17.8,394.95,16.21,18.8,5.913 2.3534,aha
113,0.22212,0.0,10.01,0.0,0a.5b4 7c,6.092,95.4,2.548,...a6_.//b,432,17.8,396.9,17.09,18.7,6.092 2.548,aha
114,0.14231,0.0,10.01,0.0,0a.5b4 7c,6.254,84.2,2.2565,...a6_.//b,432,17.8,388.74,10.45,18.5,6.254 2.2565,aha
115,,0.0,10.01,0.0,0a.5b4 7c,5.928,88.2,2.4631,...a6_.//b,432,17.8,344.91,15.76,18.3,5.928 2.4631,aha
116,0.13158,0.0,10.01,0.0,0a.5b4 7c,6.176,72.5,2.7301,...a6_.//b,432,17.8,393.3,,21.2,6.176 2.7301,aha
117,0.15098,0.0,10.01,0.0,0a.5b4 7c,6.021,82.6,2.7474,...a6_.//b,432,17.8,394.51,10.3,19.2,6.021 2.7474,aha
118,0.13058,,10.01,0.0,0a.5b4 7c,5.872,73.1,2.4775,...a6_.//b,432,17.8,338.63,15.37,20.4,5.872 2.4775,aha
119,0.14476,0.0,10.01,,0a.5b4 7c,5.731,65.2,2.7592,...a6_.//b,432,17.8,391.5,13.61,19.3,5.731 2.7592,aha
120,0.06899,0.0,25.65,0.0,0a.5b8 1c,5.87,69.7,2.2577,...a2_.//b,188,19.1,389.15,14.37,22.0,5.87 2.2577,aha
121,0.07165,0.0,25.65,0.0,0a.5b8 1c,6.004,84.1,2.1974,...a2_.//b,188,19.1,377.67,14.27,20.3,6.004 2.1974,aha
122,0.09299,0.0,25.65,0.0,0a.5b8 1c,5.961,92.9,2.0869,...a2_.//b,188,19.1,378.09,17.93,20.5,5.961 2.0869,aha
123,0.15038,0.0,,0.0,0a.5b8 1c,5.856,97.0,1.9444,...a2_.//b,188,19.1,370.31,25.41,17.3,5.856 1.9444,aha
124,0.09849,0.0,25.65,0.0,0a.5b8 1c,5.879,95.8,2.0063,...a2_.//b,188,19.1,379.38,17.58,18.8,5.879 2.0063,aha
125,0.16902,0.0,25.65,0.0,0a.5b8 1c,5.986,88.4,1.9929,...a2_.//b,188,19.1,385.02,14.81,21.4,5.986 1.9929,aha
126,0.38735,0.0,25.65,0.0,0a.5b8 1c,5.613,,1.7572,...a2_.//b,188,19.1,359.29,27.26,15.7,5.613 1.7572,aha
127,0.25915,0.0,21.89,0.0,0a.6b2 4c,5.693,96.0,1.7883,...a4_.//b,437,21.2,392.11,17.19,16.2,5.693 1.7883,aha
128,0.32543,0.0,21.89,0.0,0a.6b2 4c,6.431,98.8,1.8125,...a4_.//b,437,21.2,396.9,15.39,18.0,6.431 1.8125,aha
129,0.88125,0.0,21.89,0.0,0a.6b2 4c,5.637,94.7,1.9799,...a4_.//b,437,21.2,396.9,18.34,14.3,5.637 1.9799,aha
130,0.34006,0.0,21.89,0.0,0a.6b2 4c,6.458,98.9,2.1185,...a4_.//b,437,21.2,395.04,12.6,19.2,6.458 2.1185,aha
131,1.19294,0.0,21.89,0.0,0a.6b2 4c,6.326,97.7,2.271,...a4_.//b,437,21.2,396.9,12.26,19.6,6.326 2.271,aha
132,0.59005,0.0,21.89,0.0,0a.6b2 4c,6.372,97.9,2.3274,...a4_.//b,437,21.2,385.76,11.12,23.0,6.372 2.3274,aha
133,0.32982,,,0.0,0a.6b2 4c,5.822,95.4,2.4699,...a4_.//b,437,21.2,388.69,15.03,18.4,5.822 2.4699,aha
134,0.97617,0.0,21.89,0.0,0a.6b2 4c,5.757,98.4,2.346,...a4_.//b,437,21.2,262.76,17.31,15.6,5.757 2.346,aha
135,0.55778,0.0,21.89,0.0,0a.6b2 4c,6.335,98.2,2.1107,...a4_.//b,437,21.2,394.67,16.96,18.1,6.335 2.1107,aha
136,0.32264,0.0,21.89,0.0,0a.6b2 4c,5.942,93.5,1.9669,...a4_.//b,437,21.2,378.25,16.9,17.4,5.942 1.9669,aha
137,0.35233,0.0,21.89,0.0,0a.6b2 4c,6.454,98.4,1.8498,...a4_.//b,437,21.2,394.08,14.59,17.1,6.454 1.8498,aha
138,0.2498,0.0,21.89,0.0,0a.6b2 4c,5.857,,1.6686,...a4_.//b,437,21.2,392.04,21.32,13.3,5.857 1.6686,aha
139,0.54452,0.0,21.89,0.0,0a.6b2 4c,6.151,97.9,1.6687,...a4_.//b,437,21.2,396.9,18.46,17.8,6.151 1.6687,aha
140,0.2909,0.0,21.89,0.0,0a.6b2 4c,6.174,93.6,1.6119,...a4_.//b,437,21.2,388.08,24.16,14.0,6.174 1.6119,aha
141,1.62864,0.0,21.89,0.0,0a.6b2 4c,5.019,100.0,1.4394,...a4_.//b,437,21.2,396.9,34.41,14.4,5.019 1.4394,aha
142,3.32105,0.0,19.58,1.0,0a.8b7 1c,5.403,100.0,1.3216,...a5_.//b,403,14.7,396.9,26.82,13.4,5.403 1.3216,aha
143,4.0974,0.0,19.58,0.0,0a.8b7 1c,5.468,100.0,1.4118,...a5_.//b,403,14.7,396.9,26.42,15.6,5.468 1.4118,aha
144,2.77974,0.0,19.58,0.0,0a.8b7 1c,4.903,97.8,1.3459,...a5_.//b,403,14.7,396.9,29.29,11.8,4.903 1.3459,aha
145,2.37934,0.0,19.58,0.0,0a.8b7 1c,6.13,100.0,1.4191,...a5_.//b,403,14.7,172.91,27.8,13.8,6.13 1.4191,aha
146,2.15505,,19.58,0.0,0a.8b7 1c,5.628,100.0,1.5166,...a5_.//b,403,14.7,169.27,16.65,15.6,5.628 1.5166,aha
147,2.36862,0.0,,0.0,0a.8b7 1c,4.926,95.7,1.4608,...a5_.//b,403,14.7,391.71,29.53,14.6,4.926 1.4608,aha
148,2.33099,0.0,,0.0,0a.8b7 1c,5.186,93.8,1.5296,...a5_.//b,403,14.7,356.99,28.32,17.8,5.186 1.5296,aha
149,2.73397,0.0,19.58,0.0,0a.8b7 1c,5.597,94.9,1.5257,...a5_.//b,403,14.7,351.85,21.45,15.4,5.597 1.5257,aha
150,1.6566,0.0,19.58,0.0,0a.8b7 1c,6.122,,1.618,...a5_.//b,403,14.7,372.8,14.1,21.5,6.122 1.618,aha
151,1.49632,0.0,19.58,0.0,0a.8b7 1c,5.404,100.0,1.5916,...a5_.//b,403,14.7,341.6,13.28,19.6,5.404 1.5916,aha
152,1.12658,0.0,19.58,,0a.8b7 1c,5.012,88.0,1.6102,...a5_.//b,403,14.7,343.28,12.12,15.3,5.012 1.6102,aha
153,2.14918,0.0,19.58,0.0,0a.8b7 1c,5.709,98.5,1.6232,...a5_.//b,403,14.7,261.95,15.79,19.4,5.709 1.6232,aha
154,1.41385,0.0,19.58,1.0,0a.8b7 1c,6.129,96.0,1.7494,...a5_.//b,403,14.7,321.02,15.12,17.0,6.129 1.7494,aha
155,3.53501,0.0,19.58,1.0,0a.8b7 1c,6.152,,1.7455,...a5_.//b,403,14.7,88.01,15.02,15.6,6.152 1.7455,aha
156,2.44668,0.0,19.58,0.0,0a.8b7 1c,5.272,94.0,1.7364,...a5_.//b,403,14.7,88.63,16.14,13.1,5.272 1.7364,aha
157,1.22358,,19.58,0.0,0a.6b0 5c,6.943,97.4,1.8773,...a5_.//b,403,14.7,363.43,4.59,41.3,6.943 1.8773,aha
158,1.34284,0.0,19.58,0.0,0a.6b0 5c,6.066,100.0,1.7573,...a5_.//b,403,14.7,353.89,6.43,24.3,6.066 1.7573,aha
159,1.42502,0.0,19.58,0.0,0a.8b7 1c,6.51,100.0,1.7659,...a5_.//b,403,14.7,364.31,7.39,23.3,6.51 1.7659,aha
160,1.27346,0.0,19.58,1.0,0a.6b0 5c,6.25,92.6,1.7984,...a5_.//b,403,14.7,338.92,5.5,27.0,6.25 1.7984,aha
161,1.46336,0.0,19.58,0.0,0a.6b0 5c,7.489,90.8,1.9709,...a5_.//b,403,14.7,374.43,1.73,50.0,7.489 1.9709,aha
162,1.83377,0.0,19.58,1.0,0a.6b0 5c,7.802,98.2,2.0407,...a5_.//b,403,14.7,389.61,1.92,50.0,7.802 2.0407,aha
163,1.51902,0.0,19.58,1.0,0a.6b0 5c,8.375,,2.162,...a5_.//b,403,14.7,388.45,3.32,50.0,8.375 2.162,aha
164,2.24236,0.0,19.58,0.0,0a.6b0 5c,5.854,91.8,2.422,...a5_.//b,403,14.7,395.11,11.64,22.7,5.854 2.422,aha
165,2.924,0.0,19.58,0.0,0a.6b0 5c,6.101,93.0,2.2834,...a5_.//b,403,14.7,240.16,9.81,25.0,6.101 2.2834,aha
166,2.01019,0.0,19.58,0.0,0a.6b0 5c,7.929,96.2,2.0459,...a5_.//b,403,14.7,369.3,3.7,50.0,7.929 2.0459,aha
167,1.80028,,19.58,0.0,0a.6b0 5c,5.877,79.2,2.4259,...a5_.//b,403,14.7,227.61,12.14,23.8,5.877 2.4259,aha
168,2.3004,0.0,19.58,0.0,0a.6b0 5c,6.319,96.1,2.1,...a5_.//b,403,14.7,297.09,11.1,23.8,6.319 2.1,aha
169,2.44953,0.0,19.58,0.0,0a.6b0 5c,6.402,95.2,2.2625,...a5_.//b,403,14.7,330.04,11.32,22.3,6.402 2.2625,aha
170,1.20742,0.0,19.58,0.0,0a.6b0 5c,5.875,94.6,2.4259,...a5_.//b,403,14.7,292.29,14.43,17.4,5.875 2.4259,aha
171,2.3139,0.0,19.58,0.0,0a.6b0 5c,5.88,97.3,2.3887,...a5_.//b,403,14.7,348.13,12.03,19.1,5.88 2.3887,aha
172,0.13914,0.0,4.05,0.0,0a.5b1 c,5.572,88.5,2.5961,...a5_.//b,296,16.6,396.9,14.69,23.1,5.572 2.5961,aha
173,0.09178,0.0,,0.0,0a.5b1 c,6.416,,2.6463,...a5_.//b,296,16.6,395.5,9.04,23.6,6.416 2.6463,aha
174,0.08447,0.0,4.05,0.0,0a.5b1 c,5.859,68.7,2.7019,...a5_.//b,296,16.6,393.23,9.64,22.6,5.859 2.7019,aha
175,0.06664,0.0,4.05,0.0,0a.5b1 c,6.546,33.1,3.1323,...a5_.//b,296,16.6,390.96,5.33,29.4,6.546 3.1323,aha
176,0.07022,0.0,4.05,0.0,0a.5b1 c,6.02,47.2,3.5549,...a5_.//b,296,16.6,393.23,10.11,23.2,6.02 3.5549,aha
177,0.05425,0.0,,0.0,0a.5b1 c,6.315,73.4,3.3175,...a5_.//b,296,16.6,395.6,6.29,24.6,6.315 3.3175,aha
178,0.06642,0.0,4.05,0.0,0a.5b1 c,6.86,74.4,2.9153,...a5_.//b,296,16.6,391.27,6.92,29.9,6.86 2.9153,aha
179,0.0578,0.0,2.46,0.0,0a.4b8 8c,6.98,58.4,2.829,...a3_.//b,193,17.8,396.9,5.04,37.2,6.98 2.829,aha
180,0.06588,0.0,2.46,0.0,0a.4b8 8c,7.765,83.3,2.741,...a3_.//b,193,17.8,395.56,7.56,39.8,7.765 2.741,aha
181,0.06888,0.0,2.46,0.0,0a.4b8 8c,6.144,62.2,2.5979,...a3_.//b,193,17.8,396.9,9.45,36.2,6.144 2.5979,aha
182,0.09103,0.0,2.46,0.0,0a.4b8 8c,7.155,92.2,2.7006,...a3_.//b,193,17.8,394.12,4.82,37.9,7.155 2.7006,aha
183,,0.0,2.46,0.0,0a.4b8 8c,6.563,95.6,2.847,...a3_.//b,193,17.8,396.9,5.68,32.5,6.563 2.847,aha
184,0.08308,0.0,2.46,0.0,0a.4b8 8c,5.604,89.8,2.9879,...a3_.//b,193,17.8,391.0,13.98,26.4,5.604 2.9879,aha
185,0.06047,0.0,2.46,0.0,0a.4b8 8c,6.153,68.8,3.2797,...a3_.//b,193,17.8,387.11,13.15,29.6,6.153 3.2797,aha
186,0.05602,,2.46,0.0,0a.4b8 8c,7.831,53.6,3.1992,...a3_.//b,193,17.8,392.63,4.45,50.0,7.831 3.1992,aha
187,0.07875,45.0,3.44,0.0,0a.4b3 7c,6.782,41.1,3.7886,...a5_.//b,398,15.2,393.87,6.68,32.0,6.782 3.7886,aha
188,0.12579,45.0,3.44,0.0,0a.4b3 7c,6.556,29.1,4.5667,...a5_.//b,398,15.2,382.84,4.56,29.8,6.556 4.5667,aha
189,0.0837,45.0,3.44,0.0,0a.4b3 7c,7.185,38.9,4.5667,...a5_.//b,398,15.2,396.9,5.39,34.9,7.185 4.5667,aha
190,0.09068,45.0,3.44,0.0,0a.4b3 7c,6.951,21.5,6.4798,...a5_.//b,398,15.2,377.68,5.1,37.0,6.951 6.4798,aha
191,,45.0,3.44,0.0,0a.4b3 7c,6.739,30.8,6.4798,...a5_.//b,398,15.2,389.71,4.69,30.5,6.739 6.4798,aha
192,,45.0,3.44,0.0,0a.4b3 7c,7.178,26.3,6.4798,...a5_.//b,398,15.2,390.49,2.87,36.4,7.178 6.4798,aha
193,0.02187,60.0,2.93,0.0,0a.4b0 1c,6.8,,6.2196,...a1_.//b,265,15.6,393.37,5.03,31.1,6.8 6.2196,aha
194,0.01439,60.0,2.93,0.0,0a.4b0 1c,6.604,18.8,6.2196,...a1_.//b,265,15.6,376.7,4.38,29.1,6.604 6.2196,aha
195,0.01381,80.0,0.46,0.0,0a.4b2 2c,7.875,32.0,5.6484,...a4_.//b,255,14.4,394.23,2.97,50.0,7.875 5.6484,aha
196,,80.0,1.52,0.0,0a.4b0 4c,7.287,34.1,7.309,...a2_.//b,329,12.6,396.9,4.08,33.3,7.287 7.309,aha
197,0.04666,80.0,1.52,0.0,0a.4b0 4c,7.107,36.6,7.309,...a2_.//b,329,12.6,354.31,8.61,30.3,7.107 7.309,aha
198,0.03768,80.0,1.52,0.0,0a.4b0 4c,7.274,38.3,7.309,...a2_.//b,329,12.6,392.2,6.62,34.6,7.274 7.309,aha
199,0.0315,95.0,1.47,0.0,0a.4b0 3c,6.975,15.3,7.6534,...a3_.//b,402,17.0,396.9,4.56,34.9,6.975 7.6534,aha
200,0.01778,95.0,1.47,0.0,0a.4b0 3c,7.135,13.9,7.6534,...a3_.//b,402,17.0,384.3,4.45,32.9,7.135 7.6534,aha
201,0.03445,82.5,2.03,0.0,0a.4b1 5c,6.162,38.4,6.27,...a2_.//b,348,14.7,393.77,7.43,24.1,6.162 6.27,aha
202,0.02177,82.5,2.03,0.0,0a.4b1 5c,7.61,15.7,6.27,...a2_.//b,348,14.7,395.38,3.11,42.3,7.61 6.27,aha
203,0.0351,95.0,2.68,0.0,0a.4b1 61c,7.853,33.2,5.118,...a4_.//b,224,14.7,392.78,3.81,48.5,7.853 5.118,aha
204,0.02009,95.0,2.68,0.0,0a.4b1 61c,8.034,31.9,5.118,...a4_.//b,224,14.7,390.55,2.88,50.0,8.034 5.118,aha
205,0.13642,,10.59,0.0,0a.4b8 9c,5.891,22.3,3.9454,...a4_.//b,277,18.6,396.9,10.87,22.6,5.891 3.9454,aha
206,0.22969,0.0,10.59,,0a.4b8 9c,6.326,52.5,4.3549,...a4_.//b,277,18.6,394.87,10.97,24.4,6.326 4.3549,aha
207,0.25199,0.0,10.59,0.0,0a.4b8 9c,5.783,72.7,4.3549,...a4_.//b,277,18.6,389.43,,22.5,5.783 4.3549,aha
208,0.13587,0.0,10.59,1.0,0a.4b8 9c,6.064,59.1,4.2392,...a4_.//b,277,18.6,381.32,14.66,24.4,6.064 4.2392,aha
209,0.43571,0.0,10.59,1.0,0a.4b8 9c,5.344,100.0,3.875,...a4_.//b,277,18.6,396.9,23.09,20.0,5.344 3.875,aha
210,0.17446,,10.59,1.0,0a.4b8 9c,5.96,92.1,3.8771,...a4_.//b,277,18.6,393.25,17.27,21.7,5.96 3.8771,aha
211,0.37578,0.0,10.59,1.0,0a.4b8 9c,5.404,88.6,3.665,...a4_.//b,277,18.6,395.24,23.98,19.3,5.404 3.665,aha
212,0.21719,0.0,10.59,1.0,0a.4b8 9c,5.807,53.8,3.6526,...a4_.//b,277,18.6,390.94,16.03,22.4,5.807 3.6526,aha
213,0.14052,0.0,10.59,0.0,0a.4b8 9c,6.375,32.3,3.9454,...a4_.//b,277,18.6,385.81,9.38,28.1,6.375 3.9454,aha
214,0.28955,0.0,10.59,0.0,0a.4b8 9c,5.412,9.8,3.5875,...a4_.//b,277,18.6,348.93,29.55,23.7,5.412 3.5875,aha
215,0.19802,0.0,10.59,0.0,0a.4b8 9c,6.182,,3.9454,...a4_.//b,277,18.6,393.63,9.47,25.0,6.182 3.9454,aha
216,0.0456,0.0,13.89,1.0,0a.5b5 c,5.888,56.0,3.1121,...a5_.//b,276,16.4,392.8,13.51,23.3,5.888 3.1121,aha
217,0.07013,0.0,13.89,0.0,0a.5b5 c,6.642,85.1,3.4211,...a5_.//b,276,16.4,392.78,9.69,28.7,6.642 3.4211,aha
218,0.11069,0.0,13.89,1.0,0a.5b5 c,5.951,93.8,2.8893,...a5_.//b,276,16.4,396.9,17.92,21.5,5.951 2.8893,aha
219,0.11425,0.0,,1.0,0a.5b5 c,6.373,92.4,3.3633,...a5_.//b,276,16.4,393.74,10.5,23.0,6.373 3.3633,aha
220,0.35809,0.0,6.2,1.0,0a.5b0 7c,6.951,88.5,2.8617,...a8_.//b,307,17.4,391.7,9.71,26.7,6.951 2.8617,aha
221,0.40771,0.0,6.2,1.0,0a.5b0 7c,6.164,91.3,3.048,...a8_.//b,307,17.4,395.24,21.46,21.7,6.164 3.048,aha
222,0.62356,0.0,6.2,1.0,0a.5b0 7c,6.879,77.7,3.2721,...a8_.//b,307,17.4,390.39,9.93,27.5,6.879 3.2721,aha
223,0.6147,0.0,6.2,0.0,0a.5b0 7c,6.618,80.8,3.2721,...a8_.//b,307,17.4,396.9,7.6,30.1,6.618 3.2721,aha
224,0.31533,0.0,6.2,0.0,0a.5b0 4c,8.266,78.3,2.8944,...a8_.//b,307,17.4,385.05,4.14,44.8,8.266 2.8944,aha
225,0.52693,0.0,6.2,0.0,0a.5b0 4c,8.725,83.0,2.8944,...a8_.//b,307,17.4,382.0,4.63,50.0,8.725 2.8944,aha
226,0.38214,0.0,6.2,0.0,0a.5b0 4c,8.04,86.5,3.2157,...a8_.//b,307,17.4,387.38,,37.6,8.04 3.2157,aha
227,0.41238,0.0,6.2,0.0,0a.5b0 4c,7.163,79.9,3.2157,...a8_.//b,307,17.4,372.08,6.36,31.6,7.163 3.2157,aha
228,0.29819,0.0,6.2,0.0,0a.5b0 4c,7.686,17.0,3.3751,...a8_.//b,307,17.4,377.51,,46.7,7.686 3.3751,aha
229,,0.0,6.2,0.0,0a.5b0 4c,6.552,21.4,3.3751,...a8_.//b,307,17.4,380.34,3.76,31.5,6.552 3.3751,aha
230,0.537,0.0,6.2,0.0,0a.5b0 4c,5.981,68.1,3.6715,...a8_.//b,307,17.4,378.35,11.65,24.3,5.981 3.6715,aha
231,0.46296,0.0,6.2,0.0,0a.5b0 4c,7.412,76.9,3.6715,...a8_.//b,307,17.4,376.14,5.25,31.7,7.412 3.6715,aha
232,0.57529,0.0,6.2,0.0,0a.5b0 7c,8.337,73.3,3.8384,...a8_.//b,307,17.4,385.91,2.47,41.7,8.337 3.8384,aha
233,0.33147,0.0,6.2,0.0,0a.5b0 7c,8.247,,3.6519,...a8_.//b,307,17.4,378.95,3.95,48.3,8.247 3.6519,aha
234,0.44791,0.0,6.2,1.0,0a.5b0 7c,6.726,66.5,3.6519,...a8_.//b,307,17.4,360.2,8.05,29.0,6.726 3.6519,aha
235,0.33045,0.0,6.2,0.0,0a.5b0 7c,6.086,61.5,3.6519,...a8_.//b,307,17.4,376.75,10.88,24.0,6.086 3.6519,aha
236,,0.0,6.2,1.0,0a.5b0 7c,6.631,76.5,4.148,...a8_.//b,307,17.4,388.45,9.54,25.1,6.631 4.148,aha
237,0.51183,0.0,6.2,0.0,0a.5b0 7c,7.358,71.6,4.148,...a8_.//b,307,17.4,390.07,4.73,31.5,7.358 4.148,aha
238,0.08244,,4.93,0.0,0a.4b2 8c,6.481,18.5,6.1899,...a6_.//b,300,16.6,379.41,6.36,23.7,6.481 6.1899,aha
239,0.09252,30.0,4.93,0.0,0a.4b2 8c,6.606,42.2,6.1899,...a6_.//b,300,16.6,383.78,7.37,23.3,6.606 6.1899,aha
240,0.11329,30.0,4.93,,0a.4b2 8c,6.897,54.3,6.3361,...a6_.//b,300,16.6,391.25,11.38,22.0,6.897 6.3361,aha
241,,30.0,4.93,0.0,0a.4b2 8c,6.095,65.1,6.3361,...a6_.//b,300,16.6,394.62,12.4,20.1,6.095 6.3361,aha
242,0.1029,30.0,4.93,0.0,0a.4b2 8c,6.358,52.9,7.0355,...a6_.//b,300,16.6,372.75,11.22,22.2,6.358 7.0355,aha
243,0.12757,30.0,4.93,0.0,0a.4b2 8c,6.393,7.8,7.0355,...a6_.//b,300,16.6,374.71,5.19,23.7,6.393 7.0355,aha
244,0.20608,22.0,5.86,0.0,0a.4b3 1c,5.593,76.5,7.9549,...a7_.//b,330,19.1,372.49,12.5,17.6,5.593 7.9549,aha
245,0.19133,22.0,,,0a.4b3 1c,5.605,70.2,7.9549,...a7_.//b,330,19.1,389.13,18.46,18.5,5.605 7.9549,aha
246,0.33983,22.0,5.86,0.0,0a.4b3 1c,6.108,34.9,8.0555,...a7_.//b,330,19.1,390.18,9.16,24.3,6.108 8.0555,aha
247,0.19657,22.0,5.86,0.0,0a.4b3 1c,6.226,79.2,8.0555,...a7_.//b,330,19.1,376.14,10.15,20.5,6.226 8.0555,aha
248,0.16439,22.0,5.86,0.0,0a.4b3 1c,6.433,49.1,7.8265,...a7_.//b,330,19.1,374.71,9.52,24.5,6.433 7.8265,aha
249,0.19073,22.0,5.86,0.0,0a.4b3 1c,6.718,17.5,7.8265,...a7_.//b,330,19.1,393.74,6.56,26.2,6.718 7.8265,aha
250,0.1403,22.0,5.86,0.0,0a.4b3 1c,6.487,13.0,7.3967,...a7_.//b,330,19.1,396.28,5.9,24.4,6.487 7.3967,aha
251,0.21409,22.0,5.86,0.0,0a.4b3 1c,6.438,8.9,7.3967,...a7_.//b,330,19.1,377.07,3.59,24.8,6.438 7.3967,aha
252,0.08221,22.0,5.86,0.0,0a.4b3 1c,6.957,6.8,8.9067,...a7_.//b,330,19.1,386.09,3.53,29.6,6.957 8.9067,aha
253,0.36894,22.0,5.86,0.0,0a.4b3 1c,8.259,8.4,8.9067,...a7_.//b,330,19.1,396.9,3.54,42.8,8.259 8.9067,aha
254,0.04819,80.0,3.64,,0a.3b9 2c,6.108,32.0,9.2203,...a1_.//b,315,16.4,392.89,6.57,21.9,6.108 9.2203,aha
255,0.03548,80.0,3.64,0.0,0a.3b9 2c,5.876,19.1,9.2203,...a1_.//b,315,16.4,395.18,9.25,20.9,5.876 9.2203,aha
256,0.01538,90.0,3.75,0.0,0a.3b9 4c,7.454,34.2,6.3361,...a3_.//b,244,15.9,386.34,3.11,44.0,7.454 6.3361,aha
257,0.61154,20.0,3.97,0.0,0a.6b4 7c,8.704,86.9,1.801,...a5_.//b,264,13.0,389.7,5.12,50.0,8.704 1.801,aha
258,0.66351,20.0,3.97,0.0,0a.6b4 7c,7.333,100.0,1.8946,...a5_.//b,264,13.0,383.29,7.79,36.0,7.333 1.8946,aha
259,0.65665,20.0,3.97,0.0,0a.6b4 7c,6.842,100.0,2.0107,...a5_.//b,264,13.0,391.93,6.9,30.1,6.842 2.0107,aha
260,0.54011,20.0,3.97,0.0,0a.6b4 7c,7.203,81.8,2.1121,...a5_.//b,264,13.0,392.8,9.59,33.8,7.203 2.1121,aha
261,0.53412,20.0,3.97,0.0,0a.6b4 7c,7.52,89.4,2.1398,...a5_.//b,264,13.0,388.37,7.26,43.1,7.52 2.1398,aha
262,,20.0,3.97,0.0,0a.6b4 7c,8.398,91.5,2.2885,...a5_.//b,264,13.0,386.86,5.91,48.8,8.398 2.2885,aha
263,0.82526,20.0,3.97,0.0,0a.6b4 7c,7.327,94.5,2.0788,...a5_.//b,264,13.0,393.42,11.25,31.0,7.327 2.0788,aha
264,0.55007,20.0,3.97,0.0,0a.6b4 7c,7.206,91.6,1.9301,...a5_.//b,264,13.0,387.89,8.1,36.5,7.206 1.9301,aha
265,0.76162,20.0,3.97,0.0,0a.6b4 7c,5.56,62.8,1.9865,...a5_.//b,264,13.0,392.4,10.45,22.8,5.56 1.9865,aha
266,0.7857,,3.97,0.0,0a.6b4 7c,7.014,84.6,2.1329,...a5_.//b,264,13.0,384.07,14.79,30.7,7.014 2.1329,aha
267,0.57834,20.0,3.97,0.0,0a.5b7 5c,8.297,67.0,2.4216,...a5_.//b,264,13.0,384.54,7.44,50.0,8.297 2.4216,aha
268,0.5405,20.0,3.97,0.0,0a.5b7 5c,7.47,52.6,2.872,...a5_.//b,264,13.0,390.3,3.16,43.5,7.47 2.872,aha
269,0.09065,20.0,6.96,1.0,0a.4b6 4c,5.92,61.5,3.9175,...a3_.//b,223,18.6,391.34,13.65,20.7,5.92 3.9175,aha
270,0.29916,20.0,6.96,0.0,0a.4b6 4c,5.856,42.1,4.429,...a3_.//b,223,18.6,388.65,13.0,21.1,5.856 4.429,aha
271,0.16211,20.0,6.96,0.0,0a.4b6 4c,6.24,16.3,4.429,...a3_.//b,223,18.6,396.9,,25.2,6.24 4.429,aha
272,0.1146,20.0,6.96,0.0,0a.4b6 4c,6.538,58.7,3.9175,...a3_.//b,223,18.6,394.96,7.73,24.4,6.538 3.9175,aha
273,0.22188,20.0,6.96,1.0,0a.4b6 4c,7.691,51.8,4.3665,...a3_.//b,223,18.6,390.77,6.58,35.2,7.691 4.3665,aha
274,0.05644,40.0,6.41,1.0,0a.4b4 7c,6.758,32.9,4.0776,...a4_.//b,254,17.6,396.9,3.53,32.4,6.758 4.0776,aha
275,0.09604,40.0,6.41,0.0,0a.4b4 7c,6.854,42.8,4.2673,...a4_.//b,254,17.6,396.9,2.98,32.0,6.854 4.2673,aha
276,0.10469,40.0,6.41,1.0,0a.4b4 7c,7.267,49.0,4.7872,...a4_.//b,254,17.6,389.25,6.05,33.2,7.267 4.7872,aha
277,0.06127,40.0,6.41,1.0,0a.4b4 7c,6.826,27.6,4.8628,...a4_.//b,254,17.6,393.45,,33.1,6.826 4.8628,aha
278,0.07978,40.0,6.41,0.0,0a.4b4 7c,6.482,32.1,4.1403,...a4_.//b,254,17.6,396.9,7.19,29.1,6.482 4.1403,aha
279,0.21038,20.0,3.33,0.0,0a.4b4 29c,6.812,32.2,4.1007,...a5_.//b,216,14.9,396.9,4.85,35.1,6.812 4.1007,aha
280,0.03578,20.0,3.33,0.0,0a.4b4 29c,7.82,64.5,4.6947,...a5_.//b,216,14.9,387.31,3.76,45.4,7.82 4.6947,aha
281,0.03705,20.0,3.33,0.0,0a.4b4 29c,6.968,,5.2447,...a5_.//b,216,14.9,392.23,4.59,35.4,6.968 5.2447,aha
282,0.06129,20.0,3.33,1.0,0a.4b4 29c,7.645,49.7,5.2119,...a5_.//b,216,14.9,377.07,3.01,46.0,7.645 5.2119,aha
283,0.01501,90.0,1.21,1.0,0a.4b0 1c,7.923,24.8,5.885,...a1_.//b,198,13.6,395.52,3.16,50.0,7.923 5.885,aha
284,0.00906,90.0,2.97,0.0,0a.4b c,7.088,20.8,7.3073,...a1_.//b,285,15.3,394.72,7.85,32.2,7.088 7.3073,aha
285,0.01096,55.0,2.25,0.0,0a.3b8 9c,6.453,31.9,7.3073,...a1_.//b,300,15.3,394.72,8.23,22.0,6.453 7.3073,aha
286,0.01965,80.0,1.76,0.0,0a.3b8 5c,6.23,,9.0892,...a1_.//b,241,18.2,341.6,12.93,20.1,6.23 9.0892,aha
287,0.03871,52.5,5.32,0.0,0a.4b0 5c,6.209,31.3,7.3172,...a6_.//b,293,16.6,396.9,7.14,23.2,6.209 7.3172,aha
288,,52.5,5.32,0.0,0a.4b0 5c,6.315,45.6,7.3172,...a6_.//b,293,16.6,396.9,7.6,22.3,6.315 7.3172,aha
289,0.04297,52.5,5.32,0.0,0a.4b0 5c,6.565,22.9,7.3172,...a6_.//b,293,16.6,371.72,9.51,24.8,6.565 7.3172,aha
290,0.03502,80.0,4.95,0.0,0a.4b1 1c,6.861,27.9,5.1167,...a4_.//b,245,19.2,396.9,3.33,28.5,6.861 5.1167,aha
291,0.07886,80.0,4.95,0.0,0a.4b1 1c,7.148,27.7,5.1167,...a4_.//b,245,19.2,396.9,3.56,37.3,7.148 5.1167,aha
292,0.03615,80.0,,0.0,0a.4b1 1c,6.63,23.4,5.1167,...a4_.//b,245,19.2,396.9,4.7,27.9,6.63 5.1167,aha
293,0.08265,0.0,13.92,0.0,0a.4b3 7c,6.127,18.4,5.5027,...a4_.//b,289,16.0,396.9,8.58,23.9,6.127 5.5027,aha
294,0.08199,0.0,13.92,,0a.4b3 7c,6.009,42.3,5.5027,...a4_.//b,289,16.0,396.9,10.4,21.7,6.009 5.5027,aha
295,0.12932,0.0,13.92,0.0,0a.4b3 7c,6.678,31.1,5.9604,...a4_.//b,289,16.0,396.9,6.27,28.6,6.678 5.9604,aha
296,0.05372,0.0,13.92,0.0,0a.4b3 7c,6.549,51.0,5.9604,...a4_.//b,289,16.0,392.85,7.39,27.1,6.549 5.9604,aha
297,0.14103,0.0,,0.0,0a.4b3 7c,5.79,58.0,6.32,...a4_.//b,289,16.0,396.9,15.84,20.3,5.79 6.32,aha
298,0.06466,70.0,2.24,0.0,0a.4b c,6.345,20.1,7.8278,...a5_.//b,358,14.8,368.24,4.97,22.5,6.345 7.8278,aha
299,0.05561,70.0,2.24,0.0,0a.4b c,7.041,10.0,7.8278,...a5_.//b,358,14.8,371.58,4.74,29.0,7.041 7.8278,aha
300,0.04417,70.0,2.24,0.0,0a.4b c,6.871,47.4,7.8278,...a5_.//b,358,14.8,390.86,6.07,24.8,6.871 7.8278,aha
301,0.03537,,6.09,0.0,0a.4b3 3c,6.59,40.4,5.4917,...a7_.//b,329,16.1,395.75,9.5,22.0,6.59 5.4917,aha
302,,34.0,6.09,0.0,0a.4b3 3c,6.495,18.4,5.4917,...a7_.//b,329,16.1,383.61,8.67,26.4,6.495 5.4917,aha
303,0.1,,6.09,0.0,0a.4b3 3c,6.982,17.7,5.4917,...a7_.//b,329,16.1,390.43,4.86,33.1,6.982 5.4917,aha
304,0.05515,33.0,2.18,0.0,0a.4b7 2c,7.236,41.1,4.022,...a7_.//b,222,18.4,393.68,6.93,36.1,7.236 4.022,aha
305,0.05479,33.0,,0.0,0a.4b7 2c,6.616,58.1,3.37,...a7_.//b,222,18.4,393.36,8.93,28.4,6.616 3.37,aha
306,0.07503,33.0,2.18,0.0,0a.4b7 2c,7.42,71.9,3.0992,...a7_.//b,222,18.4,396.9,6.47,33.4,7.42 3.0992,aha
307,0.04932,33.0,2.18,0.0,0a.4b7 2c,6.849,70.3,3.1827,...a7_.//b,222,18.4,396.9,7.53,28.2,6.849 3.1827,aha
308,0.49298,0.0,9.9,0.0,0a.5b4 4c,6.635,82.5,3.3175,...a4_.//b,304,18.4,396.9,4.54,22.8,6.635 3.3175,aha
309,0.3494,0.0,9.9,0.0,0a.5b4 4c,5.972,76.7,3.1025,...a4_.//b,304,18.4,396.24,9.97,20.3,5.972 3.1025,aha
310,2.63548,0.0,9.9,0.0,0a.5b4 4c,4.973,37.8,2.5194,...a4_.//b,304,18.4,350.45,12.64,16.1,4.973 2.5194,aha
311,0.79041,0.0,9.9,0.0,0a.5b4 4c,6.122,52.8,2.6403,...a4_.//b,304,18.4,396.9,5.98,22.1,6.122 2.6403,aha
312,0.26169,0.0,9.9,0.0,0a.5b4 4c,6.023,90.4,2.834,...a4_.//b,304,18.4,396.3,11.72,19.4,6.023 2.834,aha
313,0.26938,0.0,9.9,0.0,0a.5b4 4c,6.266,82.8,3.2628,...a4_.//b,304,18.4,393.39,7.9,21.6,6.266 3.2628,aha
314,0.3692,0.0,9.9,0.0,0a.5b4 4c,6.567,87.3,3.6023,...a4_.//b,304,18.4,395.69,9.28,23.8,6.567 3.6023,aha
315,0.25356,0.0,9.9,0.0,0a.5b4 4c,5.705,77.7,3.945,...a4_.//b,304,18.4,396.42,11.5,16.2,5.705 3.945,aha
316,0.31827,0.0,9.9,0.0,0a.5b4 4c,5.914,,3.9986,...a4_.//b,304,18.4,390.7,18.33,17.8,5.914 3.9986,aha
317,0.24522,0.0,9.9,0.0,0a.5b4 4c,5.782,71.7,4.0317,...a4_.//b,304,18.4,396.9,15.94,19.8,5.782 4.0317,aha
318,0.40202,0.0,9.9,0.0,0a.5b4 4c,6.382,67.2,3.5325,...a4_.//b,304,18.4,395.21,10.36,23.1,6.382 3.5325,aha
319,0.47547,0.0,9.9,0.0,0a.5b4 4c,6.113,58.8,4.0019,...a4_.//b,304,18.4,396.23,12.73,21.0,6.113 4.0019,aha
320,0.1676,0.0,7.38,0.0,0a.4b9 3c,6.426,52.3,4.5404,...a5_.//b,287,19.6,396.9,7.2,23.8,6.426 4.5404,aha
321,0.18159,0.0,7.38,0.0,0a.4b9 3c,6.376,54.3,4.5404,...a5_.//b,287,19.6,396.9,6.87,23.1,6.376 4.5404,aha
322,0.35114,0.0,7.38,0.0,0a.4b9 3c,6.041,49.9,4.7211,...a5_.//b,287,19.6,396.9,7.7,20.4,6.041 4.7211,aha
323,0.28392,0.0,7.38,0.0,0a.4b9 3c,5.708,74.3,4.7211,...a5_.//b,287,19.6,391.13,11.74,18.5,5.708 4.7211,aha
324,0.34109,0.0,7.38,0.0,0a.4b9 3c,6.415,40.1,4.7211,...a5_.//b,287,19.6,396.9,6.12,25.0,6.415 4.7211,aha
325,0.19186,0.0,7.38,0.0,0a.4b9 3c,6.431,14.7,5.4159,...a5_.//b,287,19.6,393.68,5.08,24.6,6.431 5.4159,aha
326,0.30347,0.0,7.38,0.0,0a.4b9 3c,6.312,28.9,5.4159,...a5_.//b,287,19.6,396.9,6.15,23.0,6.312 5.4159,aha
327,0.24103,0.0,7.38,0.0,0a.4b9 3c,6.083,43.7,5.4159,...a5_.//b,287,19.6,396.9,12.79,22.2,6.083 5.4159,aha
328,0.06617,0.0,3.24,0.0,0a.4b6 c,5.868,25.8,5.2146,...a4_.//b,430,16.9,382.44,9.97,19.3,5.868 5.2146,aha
329,0.06724,0.0,3.24,0.0,0a.4b6 c,6.333,17.2,5.2146,...a4_.//b,430,16.9,375.21,7.34,22.6,6.333 5.2146,aha
330,0.04544,,3.24,0.0,0a.4b6 c,6.144,32.2,5.8736,...a4_.//b,430,16.9,368.57,9.09,19.8,6.144 5.8736,aha
331,0.05023,35.0,6.06,0.0,0a.4b3 79c,5.706,28.4,6.6407,...a1_.//b,304,16.9,394.02,12.43,17.1,5.706 6.6407,aha
332,0.03466,,6.06,0.0,0a.4b3 79c,6.031,23.3,6.6407,...a1_.//b,304,16.9,362.25,7.83,19.4,6.031 6.6407,aha
333,0.05083,0.0,5.19,0.0,0a.5b1 5c,6.316,38.1,6.4584,...a5_.//b,224,20.2,389.71,5.68,22.2,6.316 6.4584,aha
334,0.03738,0.0,5.19,0.0,0a.5b1 5c,6.31,38.5,6.4584,...a5_.//b,224,20.2,389.4,6.75,20.7,6.31 6.4584,aha
335,0.03961,0.0,5.19,0.0,0a.5b1 5c,6.037,34.5,5.9853,...a5_.//b,224,20.2,396.9,8.01,21.1,6.037 5.9853,aha
336,0.03427,0.0,5.19,0.0,0a.5b1 5c,5.869,46.3,5.2311,...a5_.//b,224,20.2,396.9,9.8,19.5,5.869 5.2311,aha
337,0.03041,0.0,5.19,0.0,0a.5b1 5c,5.895,59.6,5.615,...a5_.//b,224,20.2,394.81,10.56,18.5,5.895 5.615,aha
338,0.03306,0.0,5.19,0.0,0a.5b1 5c,6.059,37.3,4.8122,...a5_.//b,224,20.2,396.14,8.51,20.6,6.059 4.8122,aha
339,0.05497,0.0,5.19,0.0,0a.5b1 5c,5.985,45.4,4.8122,...a5_.//b,224,20.2,396.9,9.74,19.0,5.985 4.8122,aha
340,0.06151,0.0,5.19,0.0,0a.5b1 5c,5.968,58.5,4.8122,...a5_.//b,224,20.2,396.9,9.29,18.7,5.968 4.8122,aha
341,0.01301,35.0,1.52,0.0,0a.4b4 2c,7.241,49.3,7.0379,...a1_.//b,284,15.5,394.74,5.49,32.7,7.241 7.0379,aha
342,0.02498,0.0,1.89,0.0,0a.5b1 8c,6.54,59.7,6.2669,...a1_.//b,422,15.9,389.96,8.65,16.5,6.54 6.2669,aha
343,0.02543,55.0,3.78,0.0,0a.4b8 4c,6.696,56.4,5.7321,...a5_.//b,370,17.6,396.9,7.18,23.9,6.696 5.7321,aha
344,0.03049,55.0,,0.0,0a.4b8 4c,6.874,28.1,6.4654,...a5_.//b,370,17.6,387.97,4.61,31.2,6.874 6.4654,aha
345,0.03113,0.0,4.39,0.0,0a.4b4 2c,6.014,48.5,8.0136,...a3_.//b,352,18.8,385.64,10.53,17.5,6.014 8.0136,aha
346,0.06162,0.0,4.39,0.0,0a.4b4 2c,5.898,52.3,8.0136,...a3_.//b,352,18.8,364.61,12.67,17.2,5.898 8.0136,aha
347,0.0187,85.0,4.15,0.0,0a.4b2 9c,6.516,27.7,8.5353,...a4_.//b,351,17.9,392.43,6.36,23.1,6.516 8.5353,aha
348,0.01501,80.0,2.01,0.0,0a.4b3 5c,6.635,29.7,8.344,...a4_.//b,280,17.0,390.94,5.99,24.5,6.635 8.344,aha
349,0.02899,40.0,1.25,0.0,0a.4b2 9c,6.939,34.5,8.7921,...a1_.//b,335,19.7,389.85,,26.6,6.939 8.7921,aha
350,0.06211,,1.25,0.0,0a.4b2 9c,6.49,44.4,8.7921,...a1_.//b,335,19.7,396.9,,22.9,6.49 8.7921,aha
351,0.0795,60.0,1.69,0.0,0a.4b1 1c,6.579,35.9,10.7103,...a4_.//b,411,18.3,370.78,5.49,24.1,6.579 10.7103,aha
352,0.07244,60.0,1.69,0.0,0a.4b1 1c,5.884,18.5,10.7103,...a4_.//b,411,18.3,392.33,7.79,18.6,5.884 10.7103,aha
353,0.01709,90.0,2.02,0.0,0a.4b1 c,6.728,36.1,12.1265,...a5_.//b,187,17.0,384.46,4.5,30.1,6.728 12.1265,aha
354,0.04301,80.0,1.91,0.0,0a.4b1 3c,5.663,21.9,10.5857,...a4_.//b,334,22.0,382.8,8.05,18.2,5.663 10.5857,aha
355,0.10659,,1.91,0.0,0a.4b1 3c,5.936,,10.5857,...a4_.//b,334,22.0,376.04,5.57,20.6,5.936 10.5857,aha
356,8.98296,0.0,18.1,1.0,0a.7b7 c,6.212,97.4,2.1222,...a24_.//b,666,20.2,377.73,17.6,17.8,6.212 2.1222,aha
357,3.8497,0.0,18.1,1.0,0a.7b7 c,6.395,91.0,2.5052,...a24_.//b,666,20.2,391.34,13.27,21.7,6.395 2.5052,aha
358,5.20177,0.0,18.1,1.0,0a.7b7 c,6.127,83.4,2.7227,...a24_.//b,666,20.2,395.43,11.48,22.7,6.127 2.7227,aha
359,4.26131,0.0,,0.0,0a.7b7 c,6.112,81.3,2.5091,...a24_.//b,666,20.2,390.74,12.67,22.6,6.112 2.5091,aha
360,4.54192,0.0,18.1,0.0,0a.7b7 c,6.398,88.0,2.5182,...a24_.//b,666,20.2,374.56,7.79,25.0,6.398 2.5182,aha
361,3.83684,0.0,18.1,0.0,0a.7b7 c,6.251,91.1,2.2955,...a24_.//b,666,20.2,350.65,14.19,19.9,6.251 2.2955,aha
362,3.67822,0.0,18.1,0.0,0a.7b7 c,5.362,96.2,2.1036,...a24_.//b,666,20.2,380.79,10.19,20.8,5.362 2.1036,aha
363,4.22239,0.0,18.1,1.0,0a.7b7 c,5.803,89.0,1.9047,...a24_.//b,666,20.2,353.04,14.64,16.8,5.803 1.9047,aha
364,3.47428,0.0,18.1,1.0,0a.7b1 8c,8.78,82.9,1.9047,...a24_.//b,666,20.2,354.55,5.29,21.9,8.78 1.9047,aha
365,4.55587,0.0,18.1,0.0,0a.7b1 8c,3.561,87.9,1.6132,...a24_.//b,666,20.2,354.7,7.12,27.5,3.561 1.6132,aha
366,3.69695,0.0,18.1,0.0,0a.7b1 8c,4.963,91.4,1.7523,...a24_.//b,666,20.2,316.03,14.0,21.9,4.963 1.7523,aha
367,13.5222,0.0,18.1,,0a.6b3 1c,3.863,100.0,1.5106,...a24_.//b,666,20.2,131.42,13.33,23.1,3.863 1.5106,aha
368,4.89822,0.0,18.1,0.0,0a.6b3 1c,4.97,,1.3325,...a24_.//b,666,20.2,375.52,3.26,50.0,4.97 1.3325,aha
369,,0.0,18.1,1.0,0a.6b3 1c,6.683,96.8,1.3567,...a24_.//b,666,20.2,375.33,3.73,50.0,6.683 1.3567,aha
370,6.53876,0.0,18.1,1.0,0a.6b3 1c,7.016,97.5,1.2024,...a24_.//b,666,20.2,392.05,2.96,50.0,7.016 1.2024,aha
371,9.2323,0.0,18.1,0.0,0a.6b3 1c,6.216,100.0,1.1691,...a24_.//b,666,20.2,366.15,9.53,50.0,6.216 1.1691,aha
372,8.26725,0.0,18.1,1.0,0a.6b6 8c,5.875,89.6,1.1296,...a24_.//b,666,20.2,347.88,8.88,50.0,5.875 1.1296,aha
373,11.1081,0.0,18.1,0.0,0a.6b6 8c,4.906,100.0,1.1742,...a24_.//b,666,20.2,396.9,34.77,13.8,4.906 1.1742,aha
374,18.4982,0.0,18.1,0.0,0a.6b6 8c,4.138,100.0,1.137,...a24_.//b,666,20.2,396.9,37.97,13.8,4.138 1.137,aha
375,19.6091,,18.1,0.0,0a.6b7 1c,7.313,97.9,1.3163,...a24_.//b,666,20.2,396.9,13.44,15.0,7.313 1.3163,aha
376,15.288,0.0,18.1,,0a.6b7 1c,6.649,93.3,1.3449,...a24_.//b,666,20.2,363.02,,13.9,6.649 1.3449,aha
377,9.82349,0.0,18.1,0.0,0a.6b7 1c,6.794,98.8,1.358,...a24_.//b,666,20.2,396.9,21.24,13.3,6.794 1.358,aha
378,23.6482,0.0,18.1,0.0,0a.6b7 1c,6.38,96.2,1.3861,...a24_.//b,666,20.2,396.9,23.69,13.1,6.38 1.3861,aha
379,17.8667,0.0,18.1,0.0,0a.6b7 1c,6.223,100.0,1.3861,...a24_.//b,666,20.2,393.74,21.78,10.2,6.223 1.3861,aha
380,88.9762,0.0,18.1,0.0,0a.6b7 1c,6.968,91.9,1.4165,...a24_.//b,666,20.2,396.9,17.21,10.4,6.968 1.4165,aha
381,15.8744,0.0,18.1,0.0,0a.6b7 1c,6.545,99.1,1.5192,...a24_.//b,666,20.2,396.9,21.08,10.9,6.545 1.5192,aha
382,9.18702,0.0,18.1,0.0,0a.7b c,5.536,100.0,1.5804,...a24_.//b,666,20.2,396.9,23.6,11.3,5.536 1.5804,aha
383,7.99248,0.0,18.1,0.0,0a.7b c,5.52,100.0,1.5331,...a24_.//b,666,20.2,396.9,,12.3,5.52 1.5331,aha
384,20.0849,0.0,18.1,0.0,0a.7b c,4.368,91.2,1.4395,...a24_.//b,666,20.2,285.83,30.63,8.8,4.368 1.4395,aha
385,16.8118,0.0,18.1,0.0,0a.7b c,5.277,98.1,1.4261,...a24_.//b,666,20.2,396.9,30.81,7.2,5.277 1.4261,aha
386,24.3938,0.0,18.1,0.0,0a.7b c,4.652,100.0,1.4672,...a24_.//b,666,20.2,396.9,28.28,10.5,4.652 1.4672,aha
387,22.5971,0.0,18.1,0.0,0a.7b c,5.0,89.5,1.5184,...a24_.//b,666,20.2,396.9,31.99,7.4,5.0 1.5184,aha
388,14.3337,0.0,18.1,,0a.7b c,4.88,100.0,1.5895,...a24_.//b,666,20.2,372.92,30.62,10.2,4.88 1.5895,aha
389,8.15174,0.0,18.1,0.0,0a.7b c,5.39,98.9,1.7281,...a24_.//b,666,20.2,396.9,20.85,11.5,5.39 1.7281,aha
390,6.96215,0.0,18.1,0.0,0a.7b c,5.713,97.0,1.9265,...a24_.//b,666,20.2,394.43,17.11,15.1,5.713 1.9265,aha
391,5.29305,0.0,18.1,0.0,0a.7b c,6.051,82.5,2.1678,...a24_.//b,666,20.2,378.38,18.76,23.2,6.051 2.1678,aha
392,11.5779,0.0,18.1,0.0,0a.7b c,5.036,97.0,1.77,...a24_.//b,666,20.2,396.9,25.68,9.7,5.036 1.77,aha
393,,0.0,18.1,0.0,0a.6b9 3c,6.193,92.6,1.7912,...a24_.//b,666,20.2,396.9,15.17,13.8,6.193 1.7912,aha
394,,0.0,18.1,0.0,0a.6b9 3c,5.887,94.7,1.7821,...a24_.//b,666,20.2,396.9,16.35,12.7,5.887 1.7821,aha
395,8.71675,0.0,18.1,0.0,0a.6b9 3c,6.471,98.8,1.7257,...a24_.//b,666,20.2,391.98,17.12,13.1,6.471 1.7257,aha
396,5.87205,0.0,18.1,0.0,0a.6b9 3c,6.405,96.0,1.6768,...a24_.//b,666,20.2,396.9,19.37,12.5,6.405 1.6768,aha
397,7.67202,0.0,18.1,0.0,0a.6b9 3c,5.747,98.9,1.6334,...a24_.//b,666,20.2,393.1,19.92,8.5,5.747 1.6334,aha
398,38.3518,0.0,18.1,0.0,0a.6b9 3c,5.453,100.0,1.4896,...a24_.//b,666,20.2,396.9,30.59,5.0,5.453 1.4896,aha
399,9.91655,0.0,18.1,0.0,0a.6b9 3c,5.852,77.8,1.5004,...a24_.//b,666,20.2,338.16,29.97,6.3,5.852 1.5004,aha
400,25.0461,0.0,18.1,0.0,0a.6b9 3c,5.987,100.0,1.5888,...a24_.//b,666,20.2,396.9,26.77,5.6,5.987 1.5888,aha
401,14.2362,0.0,18.1,,0a.6b9 3c,6.343,100.0,1.5741,...a24_.//b,666,20.2,396.9,20.32,7.2,6.343 1.5741,aha
402,9.59571,0.0,18.1,0.0,0a.6b9 3c,6.404,100.0,1.639,...a24_.//b,666,20.2,376.11,20.31,12.1,6.404 1.639,aha
403,24.8017,0.0,18.1,0.0,0a.6b9 3c,5.349,96.0,1.7028,...a24_.//b,666,20.2,396.9,19.77,8.3,5.349 1.7028,aha
404,41.5292,0.0,18.1,0.0,0a.6b9 3c,5.531,85.4,1.6074,...a24_.//b,666,20.2,329.46,27.38,8.5,5.531 1.6074,aha
405,67.9208,0.0,18.1,0.0,0a.6b9 3c,5.683,100.0,1.4254,...a24_.//b,666,20.2,384.97,22.98,5.0,5.683 1.4254,aha
406,20.7162,0.0,,0.0,0a.6b5 9c,4.138,100.0,1.1781,...a24_.//b,666,20.2,370.22,23.34,11.9,4.138 1.1781,aha
407,11.9511,0.0,18.1,0.0,0a.6b5 9c,5.608,100.0,1.2852,...a24_.//b,666,20.2,332.09,,27.9,5.608 1.2852,aha
408,7.40389,0.0,18.1,0.0,0a.5b9 7c,5.617,97.9,1.4547,...a24_.//b,666,20.2,314.64,26.4,17.2,5.617 1.4547,aha
409,,0.0,18.1,0.0,0a.5b9 7c,6.852,100.0,1.4655,...a24_.//b,666,20.2,179.36,19.78,27.5,6.852 1.4655,aha
410,51.1358,0.0,18.1,0.0,0a.5b9 7c,5.757,100.0,1.413,...a24_.//b,666,20.2,2.6,10.11,15.0,5.757 1.413,aha
411,14.0507,0.0,18.1,0.0,0a.5b9 7c,6.657,100.0,1.5275,...a24_.//b,666,20.2,35.05,21.22,17.2,6.657 1.5275,aha
412,18.811,0.0,18.1,0.0,0a.5b9 7c,4.628,100.0,1.5539,...a24_.//b,666,20.2,28.79,34.37,17.9,4.628 1.5539,aha
413,28.6558,0.0,18.1,0.0,0a.5b9 7c,5.155,100.0,1.5894,...a24_.//b,666,20.2,210.97,20.08,16.3,5.155 1.5894,aha
414,45.7461,0.0,18.1,0.0,0a.6b9 3c,4.519,100.0,1.6582,...a24_.//b,666,20.2,88.27,36.98,7.0,4.519 1.6582,aha
415,18.0846,0.0,18.1,0.0,0a.6b7 9c,6.434,100.0,1.8347,...a24_.//b,666,20.2,27.25,29.05,7.2,6.434 1.8347,aha
416,10.8342,0.0,18.1,0.0,0a.6b7 9c,6.782,90.8,1.8195,...a24_.//b,666,20.2,21.57,25.79,7.5,6.782 1.8195,aha
417,25.9406,0.0,18.1,0.0,0a.6b7 9c,5.304,89.1,1.6475,...a24_.//b,666,20.2,127.36,26.64,10.4,5.304 1.6475,aha
418,73.5341,0.0,18.1,0.0,0a.6b7 9c,5.957,100.0,1.8026,...a24_.//b,666,20.2,16.45,20.62,8.8,5.957 1.8026,aha
419,11.8123,0.0,18.1,0.0,0a.7b1 8c,6.824,76.5,1.794,...a24_.//b,666,20.2,48.45,22.74,8.4,6.824 1.794,aha
420,11.0874,0.0,18.1,0.0,0a.7b1 8c,6.411,100.0,1.8589,...a24_.//b,666,20.2,318.75,15.02,16.7,6.411 1.8589,aha
421,7.02259,0.0,18.1,0.0,0a.7b1 8c,6.006,95.3,1.8746,...a24_.//b,666,20.2,319.98,15.7,14.2,6.006 1.8746,aha
422,12.0482,0.0,18.1,0.0,0a.6b1 4c,5.648,87.6,1.9512,...a24_.//b,666,20.2,291.55,14.1,20.8,5.648 1.9512,aha
423,7.05042,0.0,18.1,0.0,0a.6b1 4c,6.103,,2.0218,...a24_.//b,666,20.2,2.52,23.29,13.4,6.103 2.0218,aha
424,8.79212,0.0,18.1,0.0,0a.5b8 4c,5.565,70.6,2.0635,...a24_.//b,666,20.2,3.65,17.16,11.7,5.565 2.0635,aha
425,15.8603,0.0,18.1,0.0,0a.6b7 9c,5.896,95.4,1.9096,...a24_.//b,666,20.2,7.68,24.39,8.3,5.896 1.9096,aha
426,,0.0,18.1,0.0,0a.5b8 4c,5.837,59.7,1.9976,...a24_.//b,666,20.2,24.65,15.69,10.2,5.837 1.9976,aha
427,37.6619,,18.1,0.0,0a.6b7 9c,6.202,78.7,1.8629,...a24_.//b,666,20.2,18.82,14.52,10.9,6.202 1.8629,aha
428,7.36711,0.0,18.1,0.0,0a.6b7 9c,6.193,78.1,1.9356,...a24_.//b,666,20.2,96.73,21.52,11.0,6.193 1.9356,aha
429,9.33889,0.0,18.1,0.0,0a.6b7 9c,6.38,,1.9682,...a24_.//b,666,20.2,60.72,24.08,9.5,6.38 1.9682,aha
430,,0.0,18.1,0.0,0a.5b8 4c,6.348,86.1,2.0527,...a24_.//b,666,20.2,83.45,17.64,14.5,6.348 2.0527,aha
431,10.0623,0.0,18.1,0.0,0a.5b8 4c,6.833,94.3,2.0882,...a24_.//b,666,20.2,81.33,19.69,14.1,6.833 2.0882,aha
432,6.44405,0.0,18.1,0.0,0a.5b8 4c,6.425,74.8,2.2004,...a24_.//b,666,20.2,97.95,12.03,16.1,6.425 2.2004,aha
433,5.58107,0.0,18.1,0.0,0a.7b1 3c,6.436,87.9,2.3158,...a24_.//b,666,20.2,100.19,16.22,14.3,6.436 2.3158,aha
434,13.9134,0.0,18.1,0.0,0a.7b1 3c,6.208,95.0,2.2222,...a24_.//b,666,20.2,100.63,15.17,11.7,6.208 2.2222,aha
435,11.1604,0.0,18.1,0.0,0a.7b4 c,6.629,94.6,2.1247,...a24_.//b,666,20.2,109.85,23.27,13.4,6.629 2.1247,aha
436,14.4208,0.0,18.1,0.0,0a.7b4 c,6.461,93.3,2.0026,...a24_.//b,666,20.2,27.49,18.05,9.6,6.461 2.0026,aha
437,15.1772,0.0,18.1,0.0,0a.7b4 c,6.152,100.0,1.9142,...a24_.//b,666,20.2,9.32,26.45,8.7,6.152 1.9142,aha
438,13.6781,0.0,18.1,0.0,0a.7b4 c,5.935,87.9,1.8206,...a24_.//b,666,20.2,68.95,34.02,8.4,5.935 1.8206,aha
439,9.39063,0.0,18.1,0.0,0a.7b4 c,5.627,93.9,1.8172,...a24_.//b,666,20.2,396.9,22.88,12.8,5.627 1.8172,aha
440,22.0511,0.0,18.1,0.0,0a.7b4 c,5.818,92.4,1.8662,...a24_.//b,666,20.2,391.45,,10.5,5.818 1.8662,aha
441,9.72418,0.0,18.1,0.0,0a.7b4 c,6.406,97.2,2.0651,...a24_.//b,666,20.2,385.96,,17.1,6.406 2.0651,aha
442,5.66637,0.0,18.1,,0a.7b4 c,6.219,100.0,2.0048,...a24_.//b,666,20.2,395.69,16.59,18.4,6.219 2.0048,aha
443,9.96654,0.0,18.1,0.0,0a.7b4 c,6.485,100.0,1.9784,...a24_.//b,666,20.2,386.73,18.85,15.4,6.485 1.9784,aha
444,12.8023,0.0,18.1,0.0,0a.7b4 c,5.854,96.6,1.8956,...a24_.//b,666,20.2,240.52,23.79,10.8,5.854 1.8956,aha
445,10.6718,0.0,18.1,0.0,0a.7b4 c,6.459,94.8,1.9879,...a24_.//b,666,20.2,43.06,23.98,11.8,6.459 1.9879,aha
446,6.28807,0.0,18.1,0.0,0a.7b4 c,6.341,96.4,2.072,...a24_.//b,666,20.2,318.01,17.79,14.9,6.341 2.072,aha
447,9.92485,0.0,18.1,0.0,0a.7b4 c,6.251,96.6,2.198,...a24_.//b,666,20.2,388.52,16.44,12.6,6.251 2.198,aha
448,9.32909,0.0,18.1,0.0,0a.7b1 3c,6.185,98.7,2.2616,...a24_.//b,666,20.2,396.9,18.13,14.1,6.185 2.2616,aha
449,7.52601,0.0,18.1,0.0,0a.7b1 3c,6.417,98.3,2.185,...a24_.//b,666,20.2,304.21,19.31,13.0,6.417 2.185,aha
450,6.71772,0.0,18.1,,0a.7b1 3c,6.749,92.6,2.3236,...a24_.//b,666,20.2,0.32,17.44,13.4,6.749 2.3236,aha
451,5.44114,0.0,18.1,0.0,0a.7b1 3c,6.655,,2.3552,...a24_.//b,666,20.2,355.29,17.73,15.2,6.655 2.3552,aha
452,5.09017,0.0,18.1,0.0,0a.7b1 3c,6.297,91.8,2.3682,...a24_.//b,666,20.2,385.09,17.27,16.1,6.297 2.3682,aha
453,8.24809,0.0,,0.0,0a.7b1 3c,7.393,99.3,2.4527,...a24_.//b,666,20.2,375.87,16.74,17.8,7.393 2.4527,aha
454,9.51363,0.0,18.1,0.0,0a.7b1 3c,6.728,94.1,2.4961,...a24_.//b,666,20.2,6.68,18.71,14.9,6.728 2.4961,aha
455,4.75237,0.0,18.1,0.0,0a.7b1 3c,6.525,86.5,2.4358,...a24_.//b,666,20.2,50.92,18.13,14.1,6.525 2.4358,aha
456,4.66883,0.0,18.1,0.0,0a.7b1 3c,5.976,87.9,2.5806,...a24_.//b,666,20.2,10.48,19.01,12.7,5.976 2.5806,aha
457,8.20058,0.0,18.1,0.0,0a.7b1 3c,5.936,80.3,2.7792,...a24_.//b,666,20.2,3.5,16.94,13.5,5.936 2.7792,aha
458,7.75223,,,0.0,0a.7b1 3c,6.301,83.7,2.7831,...a24_.//b,666,20.2,272.21,16.23,14.9,6.301 2.7831,aha
459,6.80117,0.0,18.1,0.0,0a.7b1 3c,6.081,84.4,2.7175,...a24_.//b,666,20.2,396.9,14.7,20.0,6.081 2.7175,aha
460,,0.0,18.1,0.0,0a.7b1 3c,6.701,90.0,2.5975,...a24_.//b,666,20.2,255.23,16.42,16.4,6.701 2.5975,aha
461,3.69311,0.0,18.1,0.0,0a.7b1 3c,6.376,88.4,2.5671,...a24_.//b,666,20.2,391.43,14.65,17.7,6.376 2.5671,aha
462,6.65492,0.0,18.1,0.0,0a.7b1 3c,6.317,83.0,2.7344,...a24_.//b,666,20.2,396.9,13.99,19.5,6.317 2.7344,aha
463,5.82115,0.0,18.1,0.0,0a.7b1 3c,6.513,89.9,2.8016,...a24_.//b,666,20.2,393.82,10.29,20.2,6.513 2.8016,aha
464,7.83932,0.0,18.1,0.0,0a.6b5 5c,6.209,65.4,2.9634,...a24_.//b,666,20.2,396.9,13.22,21.4,6.209 2.9634,aha
465,,0.0,18.1,,0a.6b5 5c,5.759,48.2,3.0665,...a24_.//b,666,20.2,334.4,14.13,19.9,5.759 3.0665,aha
466,3.77498,0.0,,0.0,0a.6b5 5c,5.952,84.7,2.8715,...a24_.//b,666,20.2,22.01,17.15,19.0,5.952 2.8715,aha
467,4.42228,0.0,18.1,0.0,0a.5b8 4c,6.003,94.5,2.5403,...a24_.//b,666,20.2,331.29,21.32,19.1,6.003 2.5403,aha
468,15.5757,0.0,18.1,0.0,0a.5b8 c,5.926,71.0,2.9084,...a24_.//b,666,20.2,368.74,18.13,19.1,5.926 2.9084,aha
469,13.0751,0.0,18.1,0.0,0a.5b8 c,5.713,56.7,2.8237,...a24_.//b,666,20.2,396.9,14.76,20.1,5.713 2.8237,aha
470,4.34879,0.0,18.1,0.0,0a.5b8 c,6.167,84.0,3.0334,...a24_.//b,666,20.2,396.9,16.29,19.9,6.167 3.0334,aha
471,4.03841,0.0,18.1,0.0,0a.5b3 2c,6.229,90.7,3.0993,...a24_.//b,666,20.2,395.33,12.87,19.6,6.229 3.0993,aha
472,3.56868,0.0,18.1,0.0,0a.5b8 c,6.437,75.0,2.8965,...a24_.//b,666,20.2,393.37,14.36,23.2,6.437 2.8965,aha
473,4.64689,0.0,18.1,0.0,0a.6b1 4c,6.98,67.6,2.5329,...a24_.//b,666,20.2,374.68,,29.8,6.98 2.5329,aha
474,8.05579,0.0,18.1,0.0,0a.5b8 4c,5.427,95.4,2.4298,...a24_.//b,666,20.2,352.58,18.14,13.8,5.427 2.4298,aha
475,6.39312,0.0,18.1,0.0,0a.5b8 4c,6.162,97.4,2.206,...a24_.//b,666,20.2,302.76,24.1,13.3,6.162 2.206,aha
476,4.87141,0.0,18.1,0.0,0a.6b1 4c,6.484,93.6,2.3053,...a24_.//b,666,20.2,396.21,18.68,16.7,6.484 2.3053,aha
477,15.0234,0.0,18.1,0.0,0a.6b1 4c,5.304,97.3,2.1007,...a24_.//b,666,20.2,349.48,24.91,12.0,5.304 2.1007,aha
478,10.233,0.0,18.1,0.0,0a.6b1 4c,6.185,96.7,2.1705,...a24_.//b,666,20.2,379.7,18.03,14.6,6.185 2.1705,aha
479,14.3337,0.0,18.1,,0a.6b1 4c,6.229,88.0,1.9512,...a24_.//b,666,20.2,383.32,13.11,21.4,6.229 1.9512,aha
480,5.82401,0.0,18.1,0.0,0a.5b3 2c,6.242,64.7,3.4242,...a24_.//b,666,20.2,396.9,10.74,23.0,6.242 3.4242,aha
481,5.70818,0.0,18.1,0.0,0a.5b3 2c,6.75,74.9,3.3317,...a24_.//b,666,20.2,393.07,7.74,23.7,6.75 3.3317,aha
482,5.73116,0.0,18.1,,0a.5b3 2c,7.061,77.0,3.4106,...a24_.//b,666,20.2,395.28,7.01,25.0,7.061 3.4106,aha
483,2.81838,0.0,18.1,0.0,0a.5b3 2c,5.762,40.3,4.0983,...a24_.//b,666,20.2,392.92,10.42,21.8,5.762 4.0983,aha
484,2.37857,0.0,18.1,0.0,0a.5b8 3c,5.871,41.9,3.724,...a24_.//b,666,20.2,370.73,13.34,20.6,5.871 3.724,aha
485,3.67367,0.0,18.1,0.0,0a.5b8 3c,6.312,51.9,3.9917,...a24_.//b,666,20.2,388.62,10.58,21.2,6.312 3.9917,aha
486,5.69175,0.0,18.1,0.0,0a.5b8 3c,6.114,79.8,3.5459,...a24_.//b,666,20.2,392.68,14.98,19.1,6.114 3.5459,aha
487,4.83567,0.0,18.1,0.0,0a.5b8 3c,5.905,53.2,3.1523,...a24_.//b,666,20.2,388.22,11.45,20.6,5.905 3.1523,aha
488,0.15086,0.0,27.74,0.0,0a.6b0 9c,5.454,92.7,1.8209,...a4_.//b,711,20.1,395.09,18.06,15.2,5.454 1.8209,aha
489,0.18337,0.0,27.74,0.0,0a.6b0 9c,5.414,98.3,1.7554,...a4_.//b,711,20.1,344.05,23.97,7.0,5.414 1.7554,aha
490,0.20746,0.0,27.74,0.0,0a.6b0 9c,5.093,98.0,1.8226,...a4_.//b,711,20.1,318.43,29.68,8.1,5.093 1.8226,aha
491,0.10574,0.0,27.74,0.0,0a.6b0 9c,5.983,98.8,1.8681,...a4_.//b,711,20.1,390.11,18.07,13.6,5.983 1.8681,aha
492,0.11132,0.0,27.74,0.0,0a.6b0 9c,5.983,83.5,2.1099,...a4_.//b,711,20.1,396.9,13.35,20.1,5.983 2.1099,aha
493,0.17331,0.0,9.69,0.0,0a.5b8 5c,5.707,54.0,2.3817,...a6_.//b,391,19.2,396.9,12.01,21.8,5.707 2.3817,aha
494,0.27957,0.0,9.69,0.0,0a.5b8 5c,5.926,42.6,2.3817,...a6_.//b,391,19.2,396.9,13.59,24.5,5.926 2.3817,aha
495,0.17899,0.0,9.69,0.0,0a.5b8 5c,5.67,28.8,2.7986,...a6_.//b,391,19.2,393.29,17.6,23.1,5.67 2.7986,aha
496,0.2896,0.0,9.69,0.0,0a.5b8 5c,5.39,72.9,2.7986,...a6_.//b,391,19.2,396.9,21.14,19.7,5.39 2.7986,aha
497,0.26838,0.0,9.69,0.0,0a.5b8 5c,5.794,70.6,2.8927,...a6_.//b,391,19.2,396.9,14.1,18.3,5.794 2.8927,aha
498,0.23912,0.0,9.69,0.0,0a.5b8 5c,6.019,65.3,2.4091,...a6_.//b,391,19.2,396.9,12.92,21.2,6.019 2.4091,aha
499,0.17783,0.0,9.69,0.0,0a.5b8 5c,5.569,73.5,2.3999,...a6_.//b,391,19.2,395.77,15.1,17.5,5.569 2.3999,aha
500,0.22438,0.0,9.69,0.0,0a.5b8 5c,6.027,79.7,2.4982,...a6_.//b,391,19.2,396.9,14.33,16.8,6.027 2.4982,aha
501,0.06263,0.0,11.93,0.0,0a.5b7 3c,6.593,69.1,2.4786,...a1_.//b,273,21.0,391.99,,22.4,6.593 2.4786,aha
502,0.04527,0.0,11.93,0.0,0a.5b7 3c,6.12,76.7,2.2875,...a1_.//b,273,21.0,396.9,9.08,20.6,6.12 2.2875,aha
503,0.06076,0.0,11.93,0.0,0a.5b7 3c,6.976,91.0,2.1675,...a1_.//b,273,21.0,396.9,5.64,23.9,6.976 2.1675,aha
504,0.10959,0.0,11.93,0.0,0a.5b7 3c,6.794,89.3,2.3889,...a1_.//b,273,21.0,393.45,6.48,22.0,6.794 2.3889,aha
505,0.04741,0.0,11.93,0.0,0a.5b7 3c,6.03,,2.505,...a1_.//b,273,21.0,396.9,7.88,11.9,6.03 2.505,aha
